[{"model": "contenttypes.contenttype", "pk": 1, "fields": {"app_label": "admin", "model": "logentry"}}, {"model": "contenttypes.contenttype", "pk": 2, "fields": {"app_label": "auth", "model": "permission"}}, {"model": "contenttypes.contenttype", "pk": 3, "fields": {"app_label": "auth", "model": "group"}}, {"model": "contenttypes.contenttype", "pk": 4, "fields": {"app_label": "auth", "model": "user"}}, {"model": "contenttypes.contenttype", "pk": 5, "fields": {"app_label": "contenttypes", "model": "contenttype"}}, {"model": "contenttypes.contenttype", "pk": 6, "fields": {"app_label": "sessions", "model": "session"}}, {"model": "contenttypes.contenttype", "pk": 7, "fields": {"app_label": "poll", "model": "answer"}}, {"model": "contenttypes.contenttype", "pk": 8, "fields": {"app_label": "poll", "model": "question"}}, {"model": "contenttypes.contenttype", "pk": 9, "fields": {"app_label": "poll", "model": "userprofile"}}, {"model": "contenttypes.contenttype", "pk": 10, "fields": {"app_label": "poll", "model": "kit"}}, {"model": "contenttypes.contenttype", "pk": 11, "fields": {"app_label": "poll", "model": "poll"}}, {"model": "contenttypes.contenttype", "pk": 12, "fields": {"app_label": "poll", "model": "checkedpoll"}}, {"model": "contenttypes.contenttype", "pk": 13, "fields": {"app_label": "poll", "model": "checkedquestion"}}, {"model": "contenttypes.contenttype", "pk": 14, "fields": {"app_label": "poll", "model": "checkedanswer"}}, {"model": "sessions.session", "pk": "00wd8ki0mv8grtj2zyehacsbhix7mpef", "fields": {"session_data": "ZWU2MTY1NTEzYjQzZjJmNWEzYmZjYjE2MTUxN2M3ZmE4MWY0NzYyYzp7Il9hdXRoX3VzZXJfaWQiOiIzIiwiX2F1dGhfdXNlcl9iYWNrZW5kIjoiZGphbmdvLmNvbnRyaWIuYXV0aC5iYWNrZW5kcy5Nb2RlbEJhY2tlbmQiLCJfYXV0aF91c2VyX2hhc2giOiIxZjY1YzU4ZTA3ZDFjOGRhNGEzNjhkMmRkYmI4NTgyYjIyOTBlY2FmIn0=", "expire_date": "2020-05-23T18:47:42.396Z"}}, {"model": "sessions.session", "pk": "5gmrqp1fcveoc7u3tgu5yonnty0wmhai", "fields": {"session_data": "MjU1NmRjMjVjOWI5M2UwODhhNmNiYTAyYzQ1ZDlmYWNhNzg5NjkyMzp7Il9hdXRoX3VzZXJfaWQiOiIyIiwiX2F1dGhfdXNlcl9iYWNrZW5kIjoiZGphbmdvLmNvbnRyaWIuYXV0aC5iYWNrZW5kcy5Nb2RlbEJhY2tlbmQiLCJfYXV0aF91c2VyX2hhc2giOiJhNDgzY2MzNmI1OWNhZDc3NmRhYjBiOGFlN2MwMWVlYTVhOTMzYjk4In0=", "expire_date": "2020-05-24T05:20:40.153Z"}}, {"model": "poll.question", "pk": 1, "fields": {"text": "First question", "type": 1, "image": "", "time_limit": 10, "checked_count": 3, "valid_count": 1}}, {"model": "poll.question", "pk": 2, "fields": {"text": "Second question", "type": 2, "image": "", "time_limit": 20, "checked_count": 2, "valid_count": 0}}, {"model": "poll.question", "pk": 3, "fields": {"text": "Third question", "type": 1, "image": "images/2020/05/09/UZNGRozhtic.jpg", "time_limit": 23, "checked_count": null, "valid_count": null}}, {"model": "poll.answer", "pk": 1, "fields": {"text": "First answer of first question", "valid": true, "question": 1, "checked_count": 1, "valid_count": 1}}, {"model": "poll.answer", "pk": 2, "fields": {"text": "Second answer of first question", "valid": false, "question": 1, "checked_count": 1, "valid_count": 1}}, {"model": "poll.answer", "pk": 3, "fields": {"text": "Third answer of first question", "valid": false, "question": 1, "checked_count": 1, "valid_count": 2}}, {"model": "poll.answer", "pk": 4, "fields": {"text": "First answer of second question", "valid": true, "question": 2, "checked_count": 0, "valid_count": 0}}, {"model": "poll.answer", "pk": 5, "fields": {"text": "Second answer of second question", "valid": false, "question": 2, "checked_count": 1, "valid_count": 1}}, {"model": "poll.answer", "pk": 6, "fields": {"text": "Third answer of second question", "valid": true, "question": 2, "checked_count": 1, "valid_count": 1}}, {"model": "poll.poll", "pk": 1, "fields": {"name": "First poll", "time_limit": 20, "date_pub": "2020-05-10", "admin": 1, "test": true, "checked_count": 2, "valid_count": 0, "rank": null, "user": [2, 3]}}, {"model": "poll.poll", "pk": 2, "fields": {"name": "Second poll", "time_limit": 300, "date_pub": "2020-05-08", "admin": 1, "test": false, "checked_count": 1, "valid_count": 0, "rank": null, "user": [2]}}, {"model": "poll.poll", "pk": 3, "fields": {"name": "Third poll", "time_limit": 120, "date_pub": "2020-05-01", "admin": 1, "test": true, "checked_count": null, "valid_count": null, "rank": 14, "user": []}}, {"model": "poll.kit", "pk": 1, "fields": {"poll": 1, "question": 1, "rank": 5}}, {"model": "poll.kit", "pk": 2, "fields": {"poll": 1, "question": 2, "rank": 8}}, {"model": "poll.kit", "pk": 3, "fields": {"poll": 2, "question": 1, "rank": 7}}, {"model": "poll.kit", "pk": 16, "fields": {"poll": 3, "question": 3, "rank": 1}}, {"model": "poll.kit", "pk": 17, "fields": {"poll": 3, "question": 3, "rank": 5}}, {"model": "poll.kit", "pk": 18, "fields": {"poll": 3, "question": 3, "rank": 3}}, {"model": "poll.checkedpoll", "pk": 21, "fields": {"poll": 1, "user": 2, "checked": true, "valid": false, "rank": null}}, {"model": "poll.checkedpoll", "pk": 22, "fields": {"poll": 2, "user": 2, "checked": true, "valid": false, "rank": null}}, {"model": "poll.checkedpoll", "pk": 23, "fields": {"poll": 1, "user": 3, "checked": true, "valid": false, "rank": null}}, {"model": "poll.checkedquestion", "pk": 26, "fields": {"question": 1, "poll": 21, "valid": true}}, {"model": "poll.checkedquestion", "pk": 27, "fields": {"question": 2, "poll": 21, "valid": false}}, {"model": "poll.checkedquestion", "pk": 28, "fields": {"question": 1, "poll": 22, "valid": false}}, {"model": "poll.checkedquestion", "pk": 29, "fields": {"question": 1, "poll": 23, "valid": false}}, {"model": "poll.checkedquestion", "pk": 30, "fields": {"question": 2, "poll": 23, "valid": false}}, {"model": "poll.checkedanswer", "pk": 88, "fields": {"answer": 1, "checked": true, "valid": true, "question": 26}}, {"model": "poll.checkedanswer", "pk": 89, "fields": {"answer": 2, "checked": false, "valid": true, "question": 26}}, {"model": "poll.checkedanswer", "pk": 90, "fields": {"answer": 3, "checked": false, "valid": true, "question": 26}}, {"model": "poll.checkedanswer", "pk": 91, "fields": {"answer": 4, "checked": false, "valid": false, "question": 27}}, {"model": "poll.checkedanswer", "pk": 92, "fields": {"answer": 5, "checked": true, "valid": false, "question": 27}}, {"model": "poll.checkedanswer", "pk": 93, "fields": {"answer": 6, "checked": false, "valid": false, "question": 27}}, {"model": "poll.checkedanswer", "pk": 94, "fields": {"answer": 1, "checked": false, "valid": false, "question": 28}}, {"model": "poll.checkedanswer", "pk": 95, "fields": {"answer": 2, "checked": false, "valid": false, "question": 28}}, {"model": "poll.checkedanswer", "pk": 96, "fields": {"answer": 3, "checked": true, "valid": false, "question": 28}}, {"model": "poll.checkedanswer", "pk": 97, "fields": {"answer": 1, "checked": false, "valid": false, "question": 29}}, {"model": "poll.checkedanswer", "pk": 98, "fields": {"answer": 2, "checked": true, "valid": false, "question": 29}}, {"model": "poll.checkedanswer", "pk": 99, "fields": {"answer": 3, "checked": false, "valid": true, "question": 29}}, {"model": "poll.checkedanswer", "pk": 100, "fields": {"answer": 4, "checked": false, "valid": false, "question": 30}}, {"model": "poll.checkedanswer", "pk": 101, "fields": {"answer": 5, "checked": false, "valid": true, "question": 30}}, {"model": "poll.checkedanswer", "pk": 102, "fields": {"answer": 6, "checked": true, "valid": true, "question": 30}}, {"model": "auth.permission", "pk": 1, "fields": {"name": "Can add log entry", "content_type": 1, "codename": "add_logentry"}}, {"model": "auth.permission", "pk": 2, "fields": {"name": "Can change log entry", "content_type": 1, "codename": "change_logentry"}}, {"model": "auth.permission", "pk": 3, "fields": {"name": "Can delete log entry", "content_type": 1, "codename": "delete_logentry"}}, {"model": "auth.permission", "pk": 4, "fields": {"name": "Can view log entry", "content_type": 1, "codename": "view_logentry"}}, {"model": "auth.permission", "pk": 5, "fields": {"name": "Can add permission", "content_type": 2, "codename": "add_permission"}}, {"model": "auth.permission", "pk": 6, "fields": {"name": "Can change permission", "content_type": 2, "codename": "change_permission"}}, {"model": "auth.permission", "pk": 7, "fields": {"name": "Can delete permission", "content_type": 2, "codename": "delete_permission"}}, {"model": "auth.permission", "pk": 8, "fields": {"name": "Can view permission", "content_type": 2, "codename": "view_permission"}}, {"model": "auth.permission", "pk": 9, "fields": {"name": "Can add group", "content_type": 3, "codename": "add_group"}}, {"model": "auth.permission", "pk": 10, "fields": {"name": "Can change group", "content_type": 3, "codename": "change_group"}}, {"model": "auth.permission", "pk": 11, "fields": {"name": "Can delete group", "content_type": 3, "codename": "delete_group"}}, {"model": "auth.permission", "pk": 12, "fields": {"name": "Can view group", "content_type": 3, "codename": "view_group"}}, {"model": "auth.permission", "pk": 13, "fields": {"name": "Can add user", "content_type": 4, "codename": "add_user"}}, {"model": "auth.permission", "pk": 14, "fields": {"name": "Can change user", "content_type": 4, "codename": "change_user"}}, {"model": "auth.permission", "pk": 15, "fields": {"name": "Can delete user", "content_type": 4, "codename": "delete_user"}}, {"model": "auth.permission", "pk": 16, "fields": {"name": "Can view user", "content_type": 4, "codename": "view_user"}}, {"model": "auth.permission", "pk": 17, "fields": {"name": "Can add content type", "content_type": 5, "codename": "add_contenttype"}}, {"model": "auth.permission", "pk": 18, "fields": {"name": "Can change content type", "content_type": 5, "codename": "change_contenttype"}}, {"model": "auth.permission", "pk": 19, "fields": {"name": "Can delete content type", "content_type": 5, "codename": "delete_contenttype"}}, {"model": "auth.permission", "pk": 20, "fields": {"name": "Can view content type", "content_type": 5, "codename": "view_contenttype"}}, {"model": "auth.permission", "pk": 21, "fields": {"name": "Can add session", "content_type": 6, "codename": "add_session"}}, {"model": "auth.permission", "pk": 22, "fields": {"name": "Can change session", "content_type": 6, "codename": "change_session"}}, {"model": "auth.permission", "pk": 23, "fields": {"name": "Can delete session", "content_type": 6, "codename": "delete_session"}}, {"model": "auth.permission", "pk": 24, "fields": {"name": "Can view session", "content_type": 6, "codename": "view_session"}}, {"model": "auth.permission", "pk": 25, "fields": {"name": "Can add answer", "content_type": 7, "codename": "add_answer"}}, {"model": "auth.permission", "pk": 26, "fields": {"name": "Can change answer", "content_type": 7, "codename": "change_answer"}}, {"model": "auth.permission", "pk": 27, "fields": {"name": "Can delete answer", "content_type": 7, "codename": "delete_answer"}}, {"model": "auth.permission", "pk": 28, "fields": {"name": "Can view answer", "content_type": 7, "codename": "view_answer"}}, {"model": "auth.permission", "pk": 29, "fields": {"name": "Can add question", "content_type": 8, "codename": "add_question"}}, {"model": "auth.permission", "pk": 30, "fields": {"name": "Can change question", "content_type": 8, "codename": "change_question"}}, {"model": "auth.permission", "pk": 31, "fields": {"name": "Can delete question", "content_type": 8, "codename": "delete_question"}}, {"model": "auth.permission", "pk": 32, "fields": {"name": "Can view question", "content_type": 8, "codename": "view_question"}}, {"model": "auth.permission", "pk": 33, "fields": {"name": "Can add user profile", "content_type": 9, "codename": "add_userprofile"}}, {"model": "auth.permission", "pk": 34, "fields": {"name": "Can change user profile", "content_type": 9, "codename": "change_userprofile"}}, {"model": "auth.permission", "pk": 35, "fields": {"name": "Can delete user profile", "content_type": 9, "codename": "delete_userprofile"}}, {"model": "auth.permission", "pk": 36, "fields": {"name": "Can view user profile", "content_type": 9, "codename": "view_userprofile"}}, {"model": "auth.permission", "pk": 37, "fields": {"name": "Can add kit", "content_type": 10, "codename": "add_kit"}}, {"model": "auth.permission", "pk": 38, "fields": {"name": "Can change kit", "content_type": 10, "codename": "change_kit"}}, {"model": "auth.permission", "pk": 39, "fields": {"name": "Can delete kit", "content_type": 10, "codename": "delete_kit"}}, {"model": "auth.permission", "pk": 40, "fields": {"name": "Can view kit", "content_type": 10, "codename": "view_kit"}}, {"model": "auth.permission", "pk": 41, "fields": {"name": "Can add poll", "content_type": 11, "codename": "add_poll"}}, {"model": "auth.permission", "pk": 42, "fields": {"name": "Can change poll", "content_type": 11, "codename": "change_poll"}}, {"model": "auth.permission", "pk": 43, "fields": {"name": "Can delete poll", "content_type": 11, "codename": "delete_poll"}}, {"model": "auth.permission", "pk": 44, "fields": {"name": "Can view poll", "content_type": 11, "codename": "view_poll"}}, {"model": "auth.permission", "pk": 45, "fields": {"name": "Can add checked poll", "content_type": 12, "codename": "add_checkedpoll"}}, {"model": "auth.permission", "pk": 46, "fields": {"name": "Can change checked poll", "content_type": 12, "codename": "change_checkedpoll"}}, {"model": "auth.permission", "pk": 47, "fields": {"name": "Can delete checked poll", "content_type": 12, "codename": "delete_checkedpoll"}}, {"model": "auth.permission", "pk": 48, "fields": {"name": "Can view checked poll", "content_type": 12, "codename": "view_checkedpoll"}}, {"model": "auth.permission", "pk": 49, "fields": {"name": "Can add checked question", "content_type": 13, "codename": "add_checkedquestion"}}, {"model": "auth.permission", "pk": 50, "fields": {"name": "Can change checked question", "content_type": 13, "codename": "change_checkedquestion"}}, {"model": "auth.permission", "pk": 51, "fields": {"name": "Can delete checked question", "content_type": 13, "codename": "delete_checkedquestion"}}, {"model": "auth.permission", "pk": 52, "fields": {"name": "Can view checked question", "content_type": 13, "codename": "view_checkedquestion"}}, {"model": "auth.permission", "pk": 53, "fields": {"name": "Can add checked answer", "content_type": 14, "codename": "add_checkedanswer"}}, {"model": "auth.permission", "pk": 54, "fields": {"name": "Can change checked answer", "content_type": 14, "codename": "change_checkedanswer"}}, {"model": "auth.permission", "pk": 55, "fields": {"name": "Can delete checked answer", "content_type": 14, "codename": "delete_checkedanswer"}}, {"model": "auth.permission", "pk": 56, "fields": {"name": "Can view checked answer", "content_type": 14, "codename": "view_checkedanswer"}}, {"model": "auth.user", "pk": 1, "fields": {"password": "pbkdf2_sha256$180000$wAPrZDYUsah5$GrSgTF0/Ojv9ftMtywjZ65//GExkdexC0UOO6htvfFY=", "last_login": "2020-05-09T18:21:28.527Z", "is_superuser": true, "username": "admin", "first_name": "", "last_name": "", "email": "3434455@mail.ru", "is_staff": true, "is_active": true, "date_joined": "2020-05-07T10:49:27.683Z", "groups": [], "user_permissions": []}}, {"model": "auth.user", "pk": 2, "fields": {"password": "pbkdf2_sha256$180000$osLHer5TnKef$iHqkOGRMfsuUSDVNdbhoaHRqe7ynFTDsMlbju/+fxLg=", "last_login": "2020-05-10T05:20:39.593Z", "is_superuser": false, "username": "riderufa", "first_name": "", "last_name": "", "email": "", "is_staff": false, "is_active": true, "date_joined": "2020-05-07T10:50:20.750Z", "groups": [], "user_permissions": []}}, {"model": "auth.user", "pk": 3, "fields": {"password": "pbkdf2_sha256$180000$5WV130EvxQHJ$USxvnwZGLUoGTF6EHnCDp4CUGKZdO2k4PU72icy+93U=", "last_login": "2020-05-09T18:47:42.392Z", "is_superuser": false, "username": "kkk", "first_name": "", "last_name": "", "email": "", "is_staff": false, "is_active": true, "date_joined": "2020-05-07T11:04:36.079Z", "groups": [], "user_permissions": []}}, {"model": "auth.user", "pk": 4, "fields": {"password": "pbkdf2_sha256$180000$Vr18NfIsC32U$bmfhbccp5QjCo2qXBy66wQJay9TSSzYrykvljKoycyo=", "last_login": "2020-05-09T16:16:21.002Z", "is_superuser": false, "username": "olga", "first_name": "", "last_name": "", "email": "", "is_staff": false, "is_active": true, "date_joined": "2020-05-07T11:05:00.818Z", "groups": [], "user_permissions": []}}, {"model": "poll.userprofile", "pk": 1, "fields": {"user": 2, "type_user": 1, "age": 45}}, {"model": "poll.userprofile", "pk": 2, "fields": {"user": 3, "type_user": 2, "age": 34}}, {"model": "poll.userprofile", "pk": 3, "fields": {"user": 4, "type_user": 2, "age": 34}}, {"model": "admin.logentry", "pk": 1, "fields": {"action_time": "2020-05-07T10:50:47.635Z", "user": 1, "content_type": 9, "object_id": "1", "object_repr": "riderufa", "action_flag": 2, "change_message": "[{\"changed\": {\"fields\": [\"\\u0422\\u0438\\u043f \\u043f\\u043e\\u043b\\u044c\\u0437\\u043e\\u0432\\u0430\\u0442\\u0435\\u043b\\u044f\"]}}]"}}, {"model": "admin.logentry", "pk": 2, "fields": {"action_time": "2020-05-07T11:56:36.069Z", "user": 1, "content_type": 9, "object_id": "2", "object_repr": "kkk", "action_flag": 2, "change_message": "[{\"changed\": {\"fields\": [\"\\u0422\\u0438\\u043f \\u043f\\u043e\\u043b\\u044c\\u0437\\u043e\\u0432\\u0430\\u0442\\u0435\\u043b\\u044f\"]}}]"}}, {"model": "admin.logentry", "pk": 3, "fields": {"action_time": "2020-05-07T11:56:44.233Z", "user": 1, "content_type": 9, "object_id": "3", "object_repr": "olga", "action_flag": 2, "change_message": "[{\"changed\": {\"fields\": [\"\\u0422\\u0438\\u043f \\u043f\\u043e\\u043b\\u044c\\u0437\\u043e\\u0432\\u0430\\u0442\\u0435\\u043b\\u044f\"]}}]"}}, {"model": "admin.logentry", "pk": 4, "fields": {"action_time": "2020-05-07T12:12:52.659Z", "user": 1, "content_type": 14, "object_id": "3", "object_repr": "Third answer of first question", "action_flag": 3, "change_message": ""}}, {"model": "admin.logentry", "pk": 5, "fields": {"action_time": "2020-05-07T12:12:52.665Z", "user": 1, "content_type": 14, "object_id": "2", "object_repr": "Second answer of first question", "action_flag": 3, "change_message": ""}}, {"model": "admin.logentry", "pk": 6, "fields": {"action_time": "2020-05-07T12:12:52.668Z", "user": 1, "content_type": 14, "object_id": "1", "object_repr": "First answer of first question", "action_flag": 3, "change_message": ""}}, {"model": "admin.logentry", "pk": 7, "fields": {"action_time": "2020-05-07T12:25:36.488Z", "user": 1, "content_type": 14, "object_id": "9", "object_repr": "Third answer of second question", "action_flag": 3, "change_message": ""}}, {"model": "admin.logentry", "pk": 8, "fields": {"action_time": "2020-05-07T12:25:36.493Z", "user": 1, "content_type": 14, "object_id": "8", "object_repr": "Second answer of second question", "action_flag": 3, "change_message": ""}}, {"model": "admin.logentry", "pk": 9, "fields": {"action_time": "2020-05-07T12:25:36.496Z", "user": 1, "content_type": 14, "object_id": "7", "object_repr": "First answer of second question", "action_flag": 3, "change_message": ""}}, {"model": "admin.logentry", "pk": 10, "fields": {"action_time": "2020-05-07T12:25:36.499Z", "user": 1, "content_type": 14, "object_id": "6", "object_repr": "Third answer of first question", "action_flag": 3, "change_message": ""}}, {"model": "admin.logentry", "pk": 11, "fields": {"action_time": "2020-05-07T12:25:36.502Z", "user": 1, "content_type": 14, "object_id": "5", "object_repr": "Second answer of first question", "action_flag": 3, "change_message": ""}}, {"model": "admin.logentry", "pk": 12, "fields": {"action_time": "2020-05-07T12:25:36.505Z", "user": 1, "content_type": 14, "object_id": "4", "object_repr": "First answer of first question", "action_flag": 3, "change_message": ""}}, {"model": "admin.logentry", "pk": 13, "fields": {"action_time": "2020-05-07T12:39:57.779Z", "user": 1, "content_type": 14, "object_id": "15", "object_repr": "Third answer of second question", "action_flag": 3, "change_message": ""}}, {"model": "admin.logentry", "pk": 14, "fields": {"action_time": "2020-05-07T12:39:57.783Z", "user": 1, "content_type": 14, "object_id": "14", "object_repr": "Second answer of second question", "action_flag": 3, "change_message": ""}}, {"model": "admin.logentry", "pk": 15, "fields": {"action_time": "2020-05-07T12:39:57.786Z", "user": 1, "content_type": 14, "object_id": "13", "object_repr": "First answer of second question", "action_flag": 3, "change_message": ""}}, {"model": "admin.logentry", "pk": 16, "fields": {"action_time": "2020-05-07T12:39:57.789Z", "user": 1, "content_type": 14, "object_id": "12", "object_repr": "Third answer of first question", "action_flag": 3, "change_message": ""}}, {"model": "admin.logentry", "pk": 17, "fields": {"action_time": "2020-05-07T12:39:57.792Z", "user": 1, "content_type": 14, "object_id": "11", "object_repr": "Second answer of first question", "action_flag": 3, "change_message": ""}}, {"model": "admin.logentry", "pk": 18, "fields": {"action_time": "2020-05-07T12:39:57.795Z", "user": 1, "content_type": 14, "object_id": "10", "object_repr": "First answer of first question", "action_flag": 3, "change_message": ""}}, {"model": "admin.logentry", "pk": 19, "fields": {"action_time": "2020-05-07T15:46:32.940Z", "user": 1, "content_type": 14, "object_id": "18", "object_repr": "Third answer of first question", "action_flag": 3, "change_message": ""}}, {"model": "admin.logentry", "pk": 20, "fields": {"action_time": "2020-05-07T15:46:32.944Z", "user": 1, "content_type": 14, "object_id": "17", "object_repr": "Second answer of first question", "action_flag": 3, "change_message": ""}}, {"model": "admin.logentry", "pk": 21, "fields": {"action_time": "2020-05-07T15:46:32.948Z", "user": 1, "content_type": 14, "object_id": "16", "object_repr": "First answer of first question", "action_flag": 3, "change_message": ""}}, {"model": "admin.logentry", "pk": 22, "fields": {"action_time": "2020-05-07T16:28:13.377Z", "user": 1, "content_type": 11, "object_id": "1", "object_repr": "First poll", "action_flag": 2, "change_message": "[{\"changed\": {\"fields\": [\"\\u0414\\u0430\\u0442\\u0430 \\u043f\\u0443\\u0431\\u043b\\u0438\\u043a\\u0430\\u0446\\u0438\\u0438\"]}}]"}}, {"model": "admin.logentry", "pk": 23, "fields": {"action_time": "2020-05-07T16:38:35.191Z", "user": 1, "content_type": 11, "object_id": "1", "object_repr": "First poll", "action_flag": 2, "change_message": "[{\"changed\": {\"fields\": [\"\\u0414\\u0430\\u0442\\u0430 \\u043f\\u0443\\u0431\\u043b\\u0438\\u043a\\u0430\\u0446\\u0438\\u0438\"]}}]"}}, {"model": "admin.logentry", "pk": 24, "fields": {"action_time": "2020-05-07T16:42:41.741Z", "user": 1, "content_type": 14, "object_id": "27", "object_repr": "Third answer of first question", "action_flag": 3, "change_message": ""}}, {"model": "admin.logentry", "pk": 25, "fields": {"action_time": "2020-05-07T16:42:41.745Z", "user": 1, "content_type": 14, "object_id": "26", "object_repr": "Second answer of first question", "action_flag": 3, "change_message": ""}}, {"model": "admin.logentry", "pk": 26, "fields": {"action_time": "2020-05-07T16:42:41.748Z", "user": 1, "content_type": 14, "object_id": "25", "object_repr": "First answer of first question", "action_flag": 3, "change_message": ""}}, {"model": "admin.logentry", "pk": 27, "fields": {"action_time": "2020-05-07T16:42:41.751Z", "user": 1, "content_type": 14, "object_id": "24", "object_repr": "Third answer of second question", "action_flag": 3, "change_message": ""}}, {"model": "admin.logentry", "pk": 28, "fields": {"action_time": "2020-05-07T16:42:41.754Z", "user": 1, "content_type": 14, "object_id": "23", "object_repr": "Second answer of second question", "action_flag": 3, "change_message": ""}}, {"model": "admin.logentry", "pk": 29, "fields": {"action_time": "2020-05-07T16:42:41.757Z", "user": 1, "content_type": 14, "object_id": "22", "object_repr": "First answer of second question", "action_flag": 3, "change_message": ""}}, {"model": "admin.logentry", "pk": 30, "fields": {"action_time": "2020-05-07T16:42:41.760Z", "user": 1, "content_type": 14, "object_id": "21", "object_repr": "Third answer of first question", "action_flag": 3, "change_message": ""}}, {"model": "admin.logentry", "pk": 31, "fields": {"action_time": "2020-05-07T16:42:41.762Z", "user": 1, "content_type": 14, "object_id": "20", "object_repr": "Second answer of first question", "action_flag": 3, "change_message": ""}}, {"model": "admin.logentry", "pk": 32, "fields": {"action_time": "2020-05-07T16:42:41.764Z", "user": 1, "content_type": 14, "object_id": "19", "object_repr": "First answer of first question", "action_flag": 3, "change_message": ""}}, {"model": "admin.logentry", "pk": 33, "fields": {"action_time": "2020-05-07T16:43:22.150Z", "user": 1, "content_type": 11, "object_id": "2", "object_repr": "Second poll", "action_flag": 2, "change_message": "[{\"changed\": {\"fields\": [\"\\u0414\\u0430\\u0442\\u0430 \\u043f\\u0443\\u0431\\u043b\\u0438\\u043a\\u0430\\u0446\\u0438\\u0438\"]}}]"}}, {"model": "admin.logentry", "pk": 34, "fields": {"action_time": "2020-05-07T16:43:44.996Z", "user": 1, "content_type": 11, "object_id": "2", "object_repr": "Second poll", "action_flag": 2, "change_message": "[{\"changed\": {\"fields\": [\"\\u041f\\u0440\\u0435\\u0434\\u0435\\u043b\\u044c\\u043d\\u043e\\u0435 \\u0432\\u0440\\u0435\\u043c\\u044f (\\u0441\\u0435\\u043a)\"]}}]"}}, {"model": "admin.logentry", "pk": 35, "fields": {"action_time": "2020-05-07T17:02:00.071Z", "user": 1, "content_type": 11, "object_id": "1", "object_repr": "First poll", "action_flag": 2, "change_message": "[{\"changed\": {\"fields\": [\"\\u0414\\u0430\\u0442\\u0430 \\u043f\\u0443\\u0431\\u043b\\u0438\\u043a\\u0430\\u0446\\u0438\\u0438\"]}}]"}}, {"model": "admin.logentry", "pk": 36, "fields": {"action_time": "2020-05-07T17:22:13.669Z", "user": 1, "content_type": 11, "object_id": "1", "object_repr": "First poll", "action_flag": 2, "change_message": "[{\"changed\": {\"fields\": [\"\\u0414\\u0430\\u0442\\u0430 \\u043f\\u0443\\u0431\\u043b\\u0438\\u043a\\u0430\\u0446\\u0438\\u0438\"]}}]"}}, {"model": "admin.logentry", "pk": 37, "fields": {"action_time": "2020-05-07T17:22:28.350Z", "user": 1, "content_type": 11, "object_id": "1", "object_repr": "First poll", "action_flag": 2, "change_message": "[{\"changed\": {\"fields\": [\"\\u041f\\u0440\\u0435\\u0434\\u0435\\u043b\\u044c\\u043d\\u043e\\u0435 \\u0432\\u0440\\u0435\\u043c\\u044f (\\u0441\\u0435\\u043a)\"]}}]"}}, {"model": "admin.logentry", "pk": 38, "fields": {"action_time": "2020-05-07T17:24:42.112Z", "user": 1, "content_type": 8, "object_id": "1", "object_repr": "First question", "action_flag": 2, "change_message": "[{\"changed\": {\"fields\": [\"\\u041f\\u0440\\u0435\\u0434\\u0435\\u043b\\u044c\\u043d\\u043e\\u0435 \\u0432\\u0440\\u0435\\u043c\\u044f (\\u0441\\u0435\\u043a)\"]}}]"}}, {"model": "admin.logentry", "pk": 39, "fields": {"action_time": "2020-05-07T17:24:53.046Z", "user": 1, "content_type": 8, "object_id": "2", "object_repr": "Second question", "action_flag": 2, "change_message": "[{\"changed\": {\"fields\": [\"\\u041f\\u0440\\u0435\\u0434\\u0435\\u043b\\u044c\\u043d\\u043e\\u0435 \\u0432\\u0440\\u0435\\u043c\\u044f (\\u0441\\u0435\\u043a)\"]}}]"}}, {"model": "admin.logentry", "pk": 40, "fields": {"action_time": "2020-05-07T17:46:36.346Z", "user": 1, "content_type": 11, "object_id": "2", "object_repr": "Second poll", "action_flag": 2, "change_message": "[{\"changed\": {\"fields\": [\"\\u0414\\u0430\\u0442\\u0430 \\u043f\\u0443\\u0431\\u043b\\u0438\\u043a\\u0430\\u0446\\u0438\\u0438\"]}}]"}}, {"model": "admin.logentry", "pk": 41, "fields": {"action_time": "2020-05-07T18:06:05.800Z", "user": 1, "content_type": 14, "object_id": "30", "object_repr": "Third answer of first question", "action_flag": 3, "change_message": ""}}, {"model": "admin.logentry", "pk": 42, "fields": {"action_time": "2020-05-07T18:06:05.804Z", "user": 1, "content_type": 14, "object_id": "29", "object_repr": "Second answer of first question", "action_flag": 3, "change_message": ""}}, {"model": "admin.logentry", "pk": 43, "fields": {"action_time": "2020-05-07T18:06:05.807Z", "user": 1, "content_type": 14, "object_id": "28", "object_repr": "First answer of first question", "action_flag": 3, "change_message": ""}}, {"model": "admin.logentry", "pk": 44, "fields": {"action_time": "2020-05-08T05:34:28.603Z", "user": 1, "content_type": 14, "object_id": "33", "object_repr": "Third answer of first question", "action_flag": 3, "change_message": ""}}, {"model": "admin.logentry", "pk": 45, "fields": {"action_time": "2020-05-08T05:34:28.642Z", "user": 1, "content_type": 14, "object_id": "32", "object_repr": "Second answer of first question", "action_flag": 3, "change_message": ""}}, {"model": "admin.logentry", "pk": 46, "fields": {"action_time": "2020-05-08T05:34:28.646Z", "user": 1, "content_type": 14, "object_id": "31", "object_repr": "First answer of first question", "action_flag": 3, "change_message": ""}}, {"model": "admin.logentry", "pk": 47, "fields": {"action_time": "2020-05-08T05:48:42.291Z", "user": 1, "content_type": 12, "object_id": "3", "object_repr": "First poll", "action_flag": 3, "change_message": ""}}, {"model": "admin.logentry", "pk": 48, "fields": {"action_time": "2020-05-08T05:48:42.298Z", "user": 1, "content_type": 12, "object_id": "2", "object_repr": "Second poll", "action_flag": 3, "change_message": ""}}, {"model": "admin.logentry", "pk": 49, "fields": {"action_time": "2020-05-08T05:48:42.301Z", "user": 1, "content_type": 12, "object_id": "1", "object_repr": "First poll", "action_flag": 3, "change_message": ""}}, {"model": "admin.logentry", "pk": 50, "fields": {"action_time": "2020-05-08T05:54:33.789Z", "user": 1, "content_type": 14, "object_id": "42", "object_repr": "Third answer of second question", "action_flag": 3, "change_message": ""}}, {"model": "admin.logentry", "pk": 51, "fields": {"action_time": "2020-05-08T05:54:33.793Z", "user": 1, "content_type": 14, "object_id": "41", "object_repr": "Second answer of second question", "action_flag": 3, "change_message": ""}}, {"model": "admin.logentry", "pk": 52, "fields": {"action_time": "2020-05-08T05:54:33.796Z", "user": 1, "content_type": 14, "object_id": "40", "object_repr": "First answer of second question", "action_flag": 3, "change_message": ""}}, {"model": "admin.logentry", "pk": 53, "fields": {"action_time": "2020-05-08T05:54:33.799Z", "user": 1, "content_type": 14, "object_id": "39", "object_repr": "Third answer of second question", "action_flag": 3, "change_message": ""}}, {"model": "admin.logentry", "pk": 54, "fields": {"action_time": "2020-05-08T05:54:33.801Z", "user": 1, "content_type": 14, "object_id": "38", "object_repr": "Second answer of second question", "action_flag": 3, "change_message": ""}}, {"model": "admin.logentry", "pk": 55, "fields": {"action_time": "2020-05-08T05:54:33.805Z", "user": 1, "content_type": 14, "object_id": "37", "object_repr": "First answer of second question", "action_flag": 3, "change_message": ""}}, {"model": "admin.logentry", "pk": 56, "fields": {"action_time": "2020-05-08T05:54:45.807Z", "user": 1, "content_type": 12, "object_id": "4", "object_repr": "First poll", "action_flag": 3, "change_message": ""}}, {"model": "admin.logentry", "pk": 57, "fields": {"action_time": "2020-05-08T06:40:57.792Z", "user": 1, "content_type": 12, "object_id": "6", "object_repr": "Second poll", "action_flag": 3, "change_message": ""}}, {"model": "admin.logentry", "pk": 58, "fields": {"action_time": "2020-05-08T06:40:57.795Z", "user": 1, "content_type": 12, "object_id": "5", "object_repr": "First poll", "action_flag": 3, "change_message": ""}}, {"model": "admin.logentry", "pk": 59, "fields": {"action_time": "2020-05-08T07:19:35.933Z", "user": 1, "content_type": 12, "object_id": "8", "object_repr": "Second poll", "action_flag": 3, "change_message": ""}}, {"model": "admin.logentry", "pk": 60, "fields": {"action_time": "2020-05-08T07:19:35.937Z", "user": 1, "content_type": 12, "object_id": "7", "object_repr": "First poll", "action_flag": 3, "change_message": ""}}, {"model": "admin.logentry", "pk": 61, "fields": {"action_time": "2020-05-08T07:30:29.557Z", "user": 1, "content_type": 12, "object_id": "10", "object_repr": "Second poll", "action_flag": 3, "change_message": ""}}, {"model": "admin.logentry", "pk": 62, "fields": {"action_time": "2020-05-08T07:30:29.561Z", "user": 1, "content_type": 12, "object_id": "9", "object_repr": "First poll", "action_flag": 3, "change_message": ""}}, {"model": "admin.logentry", "pk": 63, "fields": {"action_time": "2020-05-08T17:16:58.406Z", "user": 1, "content_type": 11, "object_id": "1", "object_repr": "First poll", "action_flag": 2, "change_message": "[{\"changed\": {\"fields\": [\"\\u041f\\u0440\\u0435\\u0434\\u0435\\u043b\\u044c\\u043d\\u043e\\u0435 \\u0432\\u0440\\u0435\\u043c\\u044f (\\u0441\\u0435\\u043a)\"]}}]"}}, {"model": "admin.logentry", "pk": 64, "fields": {"action_time": "2020-05-09T08:29:03.124Z", "user": 1, "content_type": 12, "object_id": "12", "object_repr": "Second poll", "action_flag": 3, "change_message": ""}}, {"model": "admin.logentry", "pk": 65, "fields": {"action_time": "2020-05-09T08:34:11.115Z", "user": 1, "content_type": 12, "object_id": "13", "object_repr": "Second poll", "action_flag": 3, "change_message": ""}}, {"model": "admin.logentry", "pk": 66, "fields": {"action_time": "2020-05-09T08:45:57.129Z", "user": 1, "content_type": 12, "object_id": "14", "object_repr": "Second poll", "action_flag": 3, "change_message": ""}}, {"model": "admin.logentry", "pk": 67, "fields": {"action_time": "2020-05-09T08:48:28.941Z", "user": 1, "content_type": 13, "object_id": "15", "object_repr": "Second question", "action_flag": 3, "change_message": ""}}, {"model": "admin.logentry", "pk": 68, "fields": {"action_time": "2020-05-09T08:48:28.944Z", "user": 1, "content_type": 13, "object_id": "14", "object_repr": "First question", "action_flag": 3, "change_message": ""}}, {"model": "admin.logentry", "pk": 69, "fields": {"action_time": "2020-05-09T08:52:52.184Z", "user": 1, "content_type": 12, "object_id": "15", "object_repr": "Second poll", "action_flag": 3, "change_message": ""}}, {"model": "admin.logentry", "pk": 70, "fields": {"action_time": "2020-05-09T09:33:16.013Z", "user": 1, "content_type": 4, "object_id": "2", "object_repr": "riderufa", "action_flag": 2, "change_message": "[{\"changed\": {\"fields\": [\"password\"]}}]"}}, {"model": "admin.logentry", "pk": 71, "fields": {"action_time": "2020-05-09T12:38:31.384Z", "user": 1, "content_type": 4, "object_id": "2", "object_repr": "riderufa", "action_flag": 2, "change_message": "[{\"changed\": {\"fields\": [\"password\"]}}]"}}, {"model": "admin.logentry", "pk": 72, "fields": {"action_time": "2020-05-09T12:40:19.633Z", "user": 1, "content_type": 4, "object_id": "2", "object_repr": "riderufa", "action_flag": 2, "change_message": "[{\"changed\": {\"fields\": [\"password\"]}}]"}}, {"model": "admin.logentry", "pk": 73, "fields": {"action_time": "2020-05-09T13:36:08.674Z", "user": 1, "content_type": 12, "object_id": "17", "object_repr": "First poll", "action_flag": 3, "change_message": ""}}, {"model": "admin.logentry", "pk": 74, "fields": {"action_time": "2020-05-09T13:36:08.678Z", "user": 1, "content_type": 12, "object_id": "16", "object_repr": "Second poll", "action_flag": 3, "change_message": ""}}, {"model": "admin.logentry", "pk": 75, "fields": {"action_time": "2020-05-09T13:36:08.681Z", "user": 1, "content_type": 12, "object_id": "11", "object_repr": "First poll", "action_flag": 3, "change_message": ""}}, {"model": "admin.logentry", "pk": 76, "fields": {"action_time": "2020-05-09T14:00:00.076Z", "user": 1, "content_type": 12, "object_id": "20", "object_repr": "First poll", "action_flag": 3, "change_message": ""}}, {"model": "admin.logentry", "pk": 77, "fields": {"action_time": "2020-05-09T14:00:00.082Z", "user": 1, "content_type": 12, "object_id": "19", "object_repr": "Second poll", "action_flag": 3, "change_message": ""}}, {"model": "admin.logentry", "pk": 78, "fields": {"action_time": "2020-05-09T14:00:00.084Z", "user": 1, "content_type": 12, "object_id": "18", "object_repr": "First poll", "action_flag": 3, "change_message": ""}}]